0x803d30,Name value,Description value,Character Number,Class (support viewer only),Portrait (Zero is Default),Mini Portrait (Zero is Default),Affinity,Units Screen Priority,Level,Base HP,Base Strength/Magic,Base Skill,Base Speed,Base Defense,Base Resistance,Base Luck,Constitution Bonus,Sword Level,Lance Level,Axe Level,Bow Level,Staff Level,Anima Level,Light Level,Dark Level,HP Growth,Strength/Magic Growth,Skill Growth,Speed Growth,Defense Growth,Magic Defense Growth,Luck Growth,***UNKNOWN*** (Zero),***UNKNOWN*** (Zero),***UNKNOWN*** (Zero),***UNKNOWN*** (Zero),***UNKNOWN*** (Zero),Character Ability 1,Character Ability 2,Character Ability 3,Character Ability 4,Supports Data Pointer,***UNKNOWN***,***UNKNOWN*** (Zero),***UNKNOWN*** (Zero),***UNKNOWN*** (Zero)
None,0x0,0x19,0x1b,0x0,0x1d,0x1f,0,0x0,33,0,35,0,37,0,39,0,0,0,0,0,0,0,0,0,0,0,49,0,51,0,5,4,0x2,0x4,0x1c,0x3,0x0,0x7,0xf0,0x1,0xf0,0x0,0x4,0x0,0x0,0x0
Zane,ZaneName,ZaneDesc,0x1,0x2,0x2,0x0,MoonAff,0x2,1,6,-1,-3,-6,-1,-1,7,2,71,0,0,0,0,0,0,0,55,35,45,75,25,50,40,0x0,0x0,0x0,0x0,0x0,0x0,0x0,0x0,0x0,AkatSupport|IsPointer,0x7,0x0,0x0,0x0
Wustenhoff,WustenName,WustenDesc,0x2,0x1,0x7,0x0,HeavenAff,0x3,1,10,0,2,0,0,0,6,4,0,0,0,0,0,0,0,0,90,40,35,5,50,15,20,0x0,0x0,0x0,0x0,0x0,0x0,0x0,0x0,0x20,WustenSupport|IsPointer,0x3,0x0,0x0,0x0
Atheya,AtheyName,AtheyDesc,0x3,0x20,0x10,0x0,WindAff,0x13,4,4,4,4,4,3,0,6,1,0,0,71,0,0,0,0,0,55,40,45,35,50,15,30,0x0,0x0,0x0,0x0,0x0,0x0,0x40,0x0,0x0,AtheyaSupport|IsPointer,0x4,0x0,0x0,0x0
Navarin,BronsName,BronsDesc,0x4,Brigand,0x6,0x0,FireAff,0x6,1,6,0,0,2,4,1,5,2,0,71,0,0,0,0,0,0,85,50,40,25,35,15,25,0x0,0x0,0x0,0x0,0x0,0x0,0x0,0x0,0x0,NavarinSupport|IsPointer,0x3,0x0,0x0,0x0
Jaye,BrigitName,BrigitDesc,0x5,Mage_F,0x0F,0x0,LightAff,0x8,3,1,-2,0,4,1,2,7,0,0,1,0,0,0,0,0,0,65,35,50,45,25,20,35,0x0,0x0,0x0,0x0,0x0,0x0,0x40,0x0,0x0,JayeSupport|IsPointer,0x4,0x0,0x0,0x0
Floris,FlorisName,FlorisDesc,0x6,Priest,0x1D,0x0,DarkAff,0x12,1,8,0,3,4,7,0,6,5,0,0,0,0,71,0,0,0,70,25,35,35,50,25,40,0x0,0x0,0x0,0x0,0x0,0x0,0x0,0x0,0x0,FlorisSupport|IsPointer,0xa,0x0,0x0,0x0
Affogato,AffoName,AffoDesc,0x7,0x55,0x21,0x0,VoidAff,0x1,1,5,-1,1,2,2,6,6,0,0,0,0,31,0,0,0,0,70,60,40,70,25,15,40,0x0,0x0,0x2,0x0,0x0,0xC,0x0,0x0,0x40,AffogatoSupport|IsPointer,0x5,0x0,0x0,0x0
Hildr,HildrName,HildrDesc,0x8,0x53,0x1A,0x0,FireAff,0x6,1,2,1,2,3,3,2,6,-1,0,0,1,0,0,0,0,0,65,50,40,45,25,15,35,0x0,0x0,0x0,0x0,0x0,0x0,0x40,0x0,0x0,HildrSupport|IsPointer,0x7,0x0,0x0,0x0
Kane,KaneName,KaneDesc,0x9,Seer,0x1E,0x0,MoonAff,0xc,2,7,1,0,0,4,-2,6,2,0,0,0,0,0,0,0,71,70,50,45,20,45,20,25,0x0,0x0,0x0,0x0,0x0,0x0,0x0,0x0,0x0,KaneSupport|IsPointer,0x0,0x0,0x0,0x0
Tammy,TammyName,TammyDesc,0xa,Cleric,0x8,0x0,ThunderAff,0xC,4,1,2,2,6,3,1,5,1,0,0,0,0,31,0,0,0,60,30,25,40,25,45,50,0x0,0x0,0x0,0x0,0x0,0x0,0x0,0x0,0x0,TammySupport|IsPointer,0x1,0x0,0x0,0x0
Sequin,SequinName,SequinDesc,0xb,Mage,0x1F,0x0,IceAff,0x8,1,0,1,2,4,2,1,7,0,0,0,0,0,0,1,0,0,55,30,40,50,20,25,45,0x0,0x0,0x0,0x0,0x0,0xC,0x0,0x0,0x0,SequinSupport|IsPointer,0x0,0x0,0x0,0x0
Rosenfeld,RosenName,RosenDesc,0xc,Fighter,0x20,0x0,EarthAff,0x17,1,9,2,2,2,2,1,7,3,0,0,71,0,0,0,0,0,85,55,35,30,25,5,35,0x0,0x0,0x0,0x0,0x0,0x0,0x0,0x0,0x0,RosenSupport|IsPointer,0x7,0x0,0x0,0x0
Flan,FlanName,FlanDesc,0xd,Troubadour,0x0E,0x0,LightAff,0x10,1,2,1,2,6,2,0,6,0,0,0,0,0,31,0,0,0,50,60,25,40,15,55,60,0x0,0x0,0x0,0x0,0x0,0x0,0x40,0x0,0x0,FlanSupport|IsPointer,0xa,0x0,0x0,0x0
Lili,LiliName,LiliDesc,0xe,Monk,0x19,0x0,LightAff,0x1f,9,3,0,0,0,1,3,8,1,0,0,0,0,0,0,71,0,65,30,40,40,15,40,50,0x0,0x0,0x0,0x0,0x0,0x0,0x40,0x0,0x0,LiliSupport|IsPointer,0x0,0x0,0x0,0x0
Klavdia,KlavName,KlavDesc,0xf,0x22,0x14,0x0,HeavenAff,0x1,4,5,2,3,4,1,2,8,0,0,31,0,0,0,0,0,0,80,55,55,45,35,25,50,0x0,0x0,0x0,0x0,0x0,0x0,0x0,0x0,0x0,KlavSupport|IsPointer,0x3,0x0,0x0,0x0
Ulrich,UlrichName,UlrichDesc,0x10,0x8,0x22,0x0,MoonAff,0x4,5,5,4,3,6,3,2,9,1,0,0,121,0,0,0,0,0,60,40,35,25,50,5,35,0x0,0x0,0x0,0x0,0x0,0x0,0x0,0x0,0x0,UlrichSupport|IsPointer,0x3,0x0,0x0,0x0
Ansgar,AnsgarName,AnsgarDesc,0x11,0xA,0x23,0x0,LightAff,0x7,6,5,2,4,2,0,0,7,2,0,31,0,0,0,0,0,0,90,45,40,20,60,5,40,0x0,0x0,0x0,0x0,0x0,0x0,0x0,0x0,0x0,AnsgarSupport|IsPointer,0x3,0x0,0x0,0x0
Zopf,ZopfName,ZopfDesc,0x12,0x13,0x24,0x0,WindAff,0x13,1,3,1,2,2,2,1,7,1,71,0,0,0,0,0,0,0,65,35,40,50,25,15,40,0x0,0x0,0x0,0x0,0x0,0x0,0x0,0x0,0x0,ZopfSupport|IsPointer,0x7,0x0,0x0,0x0
Irene,IreneName,IreneDesc,0x13,0x14,0x1c,0x0,FireAff,0xB,2,2,1,1,2,2,2,6,0,71,0,0,0,0,0,0,0,60,50,40,45,20,20,35,0x0,0x0,0x0,0x0,0x0,0x0,0x40,0x0,0x0,IreneSupport|IsPointer,0x0,0x0,0x0,0x0
Nora,EvelName,EvelDesc,0x14,0x4B,0x1b,0x0,EarthAff,0x9,1,1,2,3,5,2,4,9,1,0,0,0,0,1,0,0,0,65,35,30,35,15,50,30,0x0,0x0,0x0,0x0,0x0,0x0,0x40,0x0,0x0,NoraSupport|IsPointer,0x4,0x0,0x0,0x0
Pandoro,PanName,PanDesc,0x15,Pirate,0x26,0x0,MoonAff,0xD,1,4,3,1,4,3,2,6,1,0,0,71,0,0,0,0,0,80,45,35,50,30,15,30,0x0,0x0,0x0,0x0,0x0,0x0,0x0,0x0,0x0,PandoroSupport|IsPointer,0x7,0x0,0x0,0x0
Latte,LatteName,LatteDesc,0x16,Archer_F,0x27,0x0,AnimaAff,0xA,2,2,1,3,4,3,2,8,0,0,0,0,31,0,0,0,0,75,35,50,40,25,25,35,0x0,0x0,0x0,0x0,0x0,0x0,0x40,0x0,0x0,LatteSupport|IsPointer,0xc,0x0,0x0,0x0
Breve,BreveName,BreveDesc,0x17,0x5,0x28,0x0,WindAff,0x5,2,4,2,0,1,4,1,5,0,31,0,0,0,0,0,0,0,70,40,50,35,30,10,35,0x0,0x0,0x0,0x0,0x0,0x0,0x0,0x0,0x0,BreveSupport|IsPointer,0x6,0x0,0x0,0x0
Ogrim,OgrimName,OgrimDesc,0x18,0x5A,0x3,0x0,HeavenAff,0x3,2,0,0,0,0,0,0,7,1,0,0,0,0,31,0,31,0,85,40,40,20,55,50,40,0x0,0x0,0x0,0x0,0x0,0x0,0x80,0x0,0x0,OgrimSupport|IsPointer,0x5,0x0,0x0,0x0
Stroganoff,StroganName,StroganDesc,0x19,0x56,0x29,0x0,SunAff,0xF,1,6,5,3,4,1,1,5,3,0,0,71,0,0,0,0,0,85,55,35,35,45,10,35,0x0,0x0,0x0,0x0,0x0,0x0,0x0,0x0,0x0,StroganSupport|IsPointer,0xb,0x0,0x0,0x0
Eiskaffee,EisName,EisDesc,0x1a,Hunter,0x2A,0x0,WindAff,0x10,1,3,2,2,1,4,0,6,1,0,0,0,71,0,0,0,0,75,40,40,20,50,10,35,0x0,0x0,0x0,0x0,0x0,0x0,0x0,0x0,0x0,EisSupport|IsPointer,0x4,0x0,0x0,0x0
Doppio,DoppioName,DoppioDesc,0x1b,Soldier,0x2D,0x0,ThunderAff,0x11,1,1,0,2,6,3,2,9,-1,0,71,0,0,0,0,0,0,70,35,35,40,35,15,50,0x0,0x0,0x0,0x0,0x0,0x0,0x40,0x0,0x0,DoppioSupport|IsPointer,0x0,0x0,0x0,0x0
Mocha,MochaName,MochaDesc,0x1c,PegasusRider,0x2C,0x0,IceAff,0xE,1,3,2,2,2,2,3,8,1,0,31,0,0,0,0,0,0,60,30,45,60,25,30,40,0x0,0x0,0x0,0x0,0x0,0x0,0x40,0x0,0x0,MochaSupport|IsPointer,0x0,0x0,0x0,0x0
Yory,YoryName,YoryDesc,0x1d,0x52,0x2E,0x0,DarkAff,0x1e,8,4,3,1,2,2,2,7,2,0,71,0,0,0,0,0,0,65,35,35,50,45,15,30,0x0,0x0,0x0,0x0,0x0,0x0,0x0,0x0,0x0,YorySupport|IsPointer,0x4,0x0,0x0,0x0
Bard,0x2E5,BardUnitDesc,0x1e,Bard,0x2F,0x0,HeavenAff,0x14,1,15,5,4,3,6,5,8,3,0,0,0,0,0,0,0,0,105,25,35,45,30,25,70,0x0,0x0,0x0,0x0,0x0,0x0,0x0,0x0,0x0,BardSupport|IsPointer,0xc,0x0,0x0,0x0
Yufka,YufkaName,YufkaDesc,0x1f,0x2e,0x29,0x0,DarkAff,0x15,9,5,10,8,6,0,6,0,0,0,0,0,0,0,0,0,71,70,50,40,35,10,45,20,0x0,0x0,0x0,0x0,0x0,0x0,0x0,0x0,0x0,YufkaSupport|IsPointer,0x3,0x0,0x0,0x0
Frye,FryeName,FryeDesc,0x20,Mercenary,0x5,0x0,SunAff,0x16,5,8,4,4,5,3,2,7,0,71,0,0,0,0,0,0,0,80,35,55,55,20,20,30,0x0,0x0,0x0,0x0,0x0,0x0,0x0,0x0,0x0,FryeSupport|IsPointer,0x3,0x0,0x0,0x0
Luitgard,LuitgardName,LuitgardDesc,0x21,Ranger_F,0x2b,0x0,IceAff,0x17,1,7,6,6,8,5,8,12,1,71,181,0,0,0,0,0,0,70,40,50,60,20,50,30,0x0,0x0,0x0,0x0,0x0,0x0,0x40,0x20,0x0,LuitgardSupport|IsPointer,0xa,0x0,0x0,0x0
Noel,NoelName,NoelDesc,0x22,Thief,0x3a,0x0,AnimaAff,0x12,4,6,2,3,4,3,2,11,0,31,0,0,0,0,0,0,0,55,25,45,60,20,25,45,0x0,0x0,0x0,0x0,0x0,0x0,0x40,0x20,0x0,NoelSupport|IsPointer,0xa,0x0,0x0,0x0
Lennard,LennardName,LennardDesc,0x23,Soldier,0x3b,0x0,EarthAff,0x13,6,3,3,2,4,5,1,7,1,0,71,0,0,0,0,0,0,75,40,40,35,50,5,35,0x0,0x0,0x0,0x0,0x0,0x0,0x0,0x0,0x0,LennardSupport|IsPointer,0x0,0x0,0x0,0x0
Therese,TheresaName,TheresaDesc,0x24,SArmor,0x0c,0x0,AnimaAff,0x14,7,3,5,3,5,1,2,8,1,71,0,0,0,0,0,0,0,80,40,50,30,45,5,30,0x0,0x0,0x0,0x0,0x0,0x0,0x0,0x0,0x0,ThereseSupport|IsPointer,0x0,0x0,0x0,0x0
Velius,VeliusName,VeliusDesc,0x25,Swordmaster,0x25,0x0,DarkAff,0x27,0,0,0,0,0,0,0,1,0,0,0,0,0,0,0,0,0,65,30,50,50,20,25,20,0x0,0x0,0x0,0x0,0x0,0x0,0x0,0x0,0x0,VeliusSupport|IsPointer,0x0,0x0,0x0,0x0
Edith,EdithName,EdithDesc,0x26,LArmor,0x3f,0x0,FireAff,0x26,0,0,0,0,0,0,0,1,0,0,0,0,0,0,0,0,0,85,40,55,40,20,30,25,0x0,0x0,0x0,0x0,0x0,0x0,0x40,0x0,0x0,EdithSupport|IsPointer,0x0,0x0,0x0,0x0
Perival,PerivalName,PerivalDesc,0x27,Thaumaturge,0x42,0x0,DarkAff,0x29,0,0,0,0,0,0,0,1,0,0,0,0,0,0,0,0,0,80,40,55,50,20,20,15,0x0,0x0,0x0,0x0,0x0,0x0,0x0,0x0,0x0,PerivalSupport|IsPointer,0x0,0x0,0x0,0x0
Verna,VernaName,VernaDesc,0x28,Occultist,0x48,0x0,AnimaAff,0x2b,0,0,0,0,0,0,0,1,0,0,0,0,0,0,0,0,0,75,45,50,40,20,45,15,0x0,0x0,0x0,0x0,0x0,0x0,0x0,0x0,0x0,VernaSupport|IsPointer,0x0,0x0,0x0,0x0
Quarrel,QuarrelName,QuarrelDesc,0x29,Archer,0x43,0x0,LightAff,0x2a,0,0,0,0,0,0,0,1,0,0,0,0,0,0,0,0,0,85,50,45,45,30,20,20,0x0,0x0,0x0,0x0,0x0,0x0,0x0,0x0,0x0,QuarrelSupport|IsPointer,0x0,0x0,0x0,0x0
Iris,IrisName,IrisDesc,0x2a,Bishop_F,0x51,0x0,HeavenAff,0x2c,0,0,0,0,0,0,0,1,0,0,0,0,0,0,0,0,0,85,55,40,30,45,25,25,0x0,0x0,0x0,0x0,0x0,0x0,0x0,0x0,0x0,IrisSupport|IsPointer,0x0,0x0,0x0,0x0
Sofie,SofieName,SofieDesc,0x2b,Cleric,0x56,0x0,IceAff,0x2e,1,2,0,0,0,0,0,1,0,0,0,0,0,0,0,0,0,75,30,60,55,20,25,30,0x0,0x0,0x0,0x0,0x0,0x0,0x40,0x0,0x0,SofieSupport|IsPointer,0x0,0x0,0x0,0x0
Wegman,WegName,WegDesc,0x2c,General,0x52,0x0,SunAff,0x2d,0,0,0,0,0,0,0,1,0,0,0,0,0,0,0,0,0,70,40,45,45,25,25,40,0x0,0x0,0x0,0x0,0x0,0x0,0x0,0x0,0x0,WegSupport|IsPointer,0x0,0x0,0x0,0x0
Sren,SrenName,SrenDesc,0x2d,Sniper_F,0x2,0x0,AnimaAff,0x1,0,0,0,0,0,0,0,1,0,0,0,0,0,0,0,0,0,70,40,60,60,30,30,60,0x0,0x0,0x0,0x0,0x0,0x0,0x40,0x0,0x0,SrenSupport|IsPointer,0x7,0x0,0x0,0x0
Xidorn,XidornName,XidornDesc,0x2e,Druid,0x0,0x4,VoidAff,0x0,0,0,0,0,0,0,0,1,0,0,0,0,0,0,0,0,0,85,50,10,10,10,15,30,0x0,0x0,0x0,0x0,0x0,0x0,0x0,0x0,0x0,XidornSupport|IsPointer,0x0,0x0,0x0,0x0
Radcliff,RadcliffName,RadcliffDesc,0x2f,Warrior,0x0,0x6,EarthAff,0x0,0,0,0,0,0,0,0,1,0,0,0,0,0,0,0,0,0,85,50,10,10,10,15,30,0x0,0x0,0x0,0x0,0x0,0x0,0x0,0x0,0x0,RadcliffSupport|IsPointer,0x0,0x0,0x0,0x0
Wulfric,WulfricName,WulfricDesc,0x30,ACav,0x0,0x3,IceAff,0x0,0,0,0,0,0,0,0,1,0,0,0,0,0,0,0,0,0,85,50,10,10,10,15,30,0x0,0x0,0x0,0x0,0x0,0x0,0x0,0x0,0x0,WulfricSupport|IsPointer,0x0,0x0,0x0,0x0
Cyrielle,CyrielleName,CyrielleDesc,0x31,0x48,0x0,0x4,WindAff,0x0,0,0,0,0,1,0,0,1,0,0,0,0,0,0,0,0,0,85,50,10,10,10,15,30,0x0,0x0,0x0,0x0,0x0,0x0,0x0,0x0,0x0,CyrielleSupport|IsPointer,0x0,0x0,0x0,0x0
Gerolf,GerolfName,GerolfDesc,0x32,SPaladin,0x0,0x6,MoonAff,0x0,0,0,0,0,1,0,0,1,0,0,0,0,0,0,0,0,0,85,50,10,10,10,15,30,0x0,0x0,0x0,0x0,0x0,0x0,0x0,0x0,0x0,GerolfSupport|IsPointer,0x0,0x0,0x0,0x0
Hiems,HiemsName,HiemsDesc,0x33,Shaman,0x0,0x4,0,0x0,0,0,0,0,0,0,1,1,0,0,0,0,0,0,0,0,0,85,50,10,10,10,15,30,0x0,0x0,0x0,0x0,0x0,0x0,0x0,0x0,0x0,0x0,0x0,0x0,0x0,0x0
Evil Cult (Stealable),EvilCultName,EvilCultDesc,0x34,Shaman,0x0,0x4,0,0x0,0,1,0,0,-2,0,0,2,0,0,0,0,0,0,0,0,0,85,50,10,10,10,15,30,0x0,0x0,0x0,0x0,0x0,0x0,0x0,0x0,0x0,0x0,0x0,0x0,0x0,0x0
Brigand (Stealable),BadGuyName,BadGuyDesc,0x35,Brigand,0x0,0x6,0,0x0,0,1,0,0,0,0,0,2,0,0,0,0,0,0,0,0,0,85,50,10,10,10,15,30,0x0,0x0,0x0,0x0,0x0,0x0,0x0,0x0,0x0,0x0,0x0,0x0,0x0,0x0
Pirate (Stealable),0x2EE,PirateUDesc,0x36,Pirate,0x0,0x3,0,0x0,0,1,0,0,0,0,0,2,0,0,0,0,0,0,0,0,0,85,50,10,10,10,15,30,0x0,0x0,0x0,0x0,0x0,0x0,0x0,0x0,0x0,0x0,0x0,0x0,0x0,0x0
Flier Enemies (Stealable),HiemsName,HiemsDesc,0x37,Occultist,0x0,0x4,0,0x0,0,1,0,0,1,0,0,2,0,0,0,0,0,0,0,0,0,85,50,10,10,10,15,30,0x0,0x0,0x0,0x0,0x0,0x0,0x0,0x0,0x0,0x0,0x0,0x0,0x0,0x0
Flier Enemies 2 (Stealable),BadGuyName,BadGuyDesc,0x38,PegasusRider,0x0,0x6,0,0x0,0,1,0,0,1,0,0,2,0,0,0,0,0,0,0,0,0,85,50,10,10,10,15,30,0x0,0x0,0x0,0x0,0x0,0x0,0x0,0x0,0x0,0x0,0x0,0x0,0x0,0x0
Hiems (Stealable),HiemsName,HiemsDesc,0x39,Shaman,0x0,0x4,0,0x0,0,1,0,0,0,0,1,2,0,0,0,0,0,0,0,0,0,85,50,10,10,10,15,30,0x0,0x0,0x0,0x0,0x0,0x0,0x0,0x0,0x0,0x0,0x0,0x0,0x0,0x0
-,0x267,0x0,0x3a,0x41,0x0,0x0,0,0x0,0,0,0,0,0,0,0,0,0,0,0,0,0,0,0,0,0,85,50,10,10,10,15,30,0x0,0x0,0x0,0x0,0x0,0x0,0x0,0x0,0x0,0x0,0x0,0x0,0x0,0x0
Lyon's Summon,0x2f1,0x33d,0x3b,0x7,0x0,0x7,5,0x25,1,0,3,2,3,0,0,20,0,0,0,71,0,0,0,0,0,0,60,45,30,0,0,60,0x0,0x0,0x0,0x0,0x0,0x0,0x0,0x0,0x0,0x0,0x0,0x0,0x0,0x0
-,0x26d,0x32e,0x3c,0x31,0x0,0x0,0,0x0,18,0,0,0,0,0,0,0,0,0,0,0,0,1,0,0,71,50,30,35,32,8,40,45,0x0,0x0,0x0,0x0,0x0,0x0,0x0,0x0,0x0,0x0,0x0,0x0,0x0,0x0
-,0x26c,0x32e,0x3d,0x31,0x0,0x0,0,0x0,9,0,0,0,0,0,0,0,0,0,0,0,0,1,0,0,71,50,30,35,32,8,40,45,0x0,0x0,0x0,0x0,0x0,0x0,0x0,0x0,0x0,0x0,0x0,0x0,0x0,0x0
Knoll's Summon,0x2f1,0x33d,0x3e,0x7,0x0,0x7,5,0x21,1,0,2,1,2,0,0,10,0,0,0,71,0,0,0,0,0,0,50,50,40,0,0,55,0x0,0x0,0x0,0x0,0x0,0x0,0x0,0x0,0x0,0x0,0x0,0x0,0x0,0x0
Ewan's Summon (After this point units are class leveled),0x2f1,0x33d,0x3f,0x7,0x0,0x7,5,0x1a,1,0,1,2,1,0,0,0,0,0,0,71,0,0,0,0,0,0,70,40,20,0,0,40,0x0,0x0,0x0,0x0,0x0,0x0,0x0,0x0,0x0,0x0,0x0,0x0,0x0,0x0
Lyon (Ch 17),0x234,0x28f,0x40,0x4f,0x4a,0x0,4,0x0,14,26,13,9,6,14,11,4,0,0,0,0,0,181,0,0,251,85,50,55,55,45,55,30,0x0,0x0,0x0,0x0,0x0,0x0,0x80,0x0,0x0,0x0,0x0,0x0,0x0,0x0
Morva (Ch 20),0x235,0x290,0x41,0x3b,0x0,0x1,3,0x0,18,42,16,10,11,3,7,7,0,0,0,0,0,0,0,0,0,150,100,90,70,160,80,30,0x0,0x0,0x0,0x0,0x0,0x0,0x80,0x0,0x0,0x0,0x0,0x0,0x0,0x0
Orson (Ch 5x),0x236,0x291,0x42,0x7,0x45,0x0,5,0x0,3,11,8,9,4,5,4,4,1,181,181,0,0,0,0,0,0,80,55,45,40,45,30,25,0x0,0x0,0x0,0x0,0x0,0x0,0x80,0x0,0x0,0x0,0x0,0x0,0x0,0x0
Valter (Ch 15),0x237,0x292,0x43,0x23,0x42,0x0,4,0x0,13,25,12,10,9,6,11,3,1,0,251,0,0,0,0,0,0,80,40,55,50,20,20,15,0x0,0x0,0x0,0x0,0x0,0x0,0x80,0x0,0x0,0x0,0x0,0x0,0x0,0x0
Selena (Ch 10B & 13B),0x238,0x293,0x44,0x2a,0x3f,0x0,2,0x0,11,19,10,8,10,8,11,10,0,0,0,0,0,121,181,0,0,85,40,55,40,20,30,25,0x0,0x0,0x0,0x0,0x0,0x0,0xc0,0x0,0x0,0x0,0x0,0x0,0x0,0x0
Valter (Prologue),0x237,0x292,0x45,0x23,0x42,0x0,4,0x0,5,14,6,7,6,3,5,2,1,0,181,0,0,0,0,0,0,85,50,10,10,10,15,30,0x0,0x0,0x0,0x0,0x0,0x0,0x80,0x0,0x0,0x0,0x0,0x0,0x0,0x0
Biscotti (Ch 1),BiscottiName,BiscottiDesc,0x46,0x9,0x33,0x0,7,0x0,4,11,3,1,2,5,2,4,0,0,71,0,0,0,0,0,0,85,50,10,10,10,15,30,0x0,0x0,0x0,0x0,0x0,0x0,0xC0,0x0,0x0,0x0,0x0,0x0,0x0,0x0
Kisra (Ch 1),KisraName,KisraDesc,0x47,0x41,0x32,0x0,VoidAff,0x0,4,9,9,3,5,8,3,4,0,0,0,0,0,121,0,0,0,85,50,10,10,10,15,30,0x0,0x0,0x0,0x0,0x0,0x0,0x80,0x0,0x0,0x0,0x0,0x0,0x0,0x0
Lefse (Ch 2),LefName,LefDesc,0x48,0x41,0x34,0x0,ThunderAff,0x0,6,5,3,4,2,2,2,1,0,0,0,71,0,0,0,0,0,85,50,10,10,10,15,30,0x0,0x0,0x0,0x0,0x0,0x0,0x80,0x0,0x0,0x0,0x0,0x0,0x0,0x0
Alicot,AlicotName,AlicotDesc,0x49,0x53,0x35,0x4,5,0x0,6,7,6,3,1,4,0,10,2,71,71,71,0,0,0,0,0,85,50,10,10,10,15,30,0x0,0x0,0x0,0x0,0x0,0x0,0x80,0x0,0x0,0x0,0x0,0x0,0x0,0x0
Hartmann,HartName,HartDesc,0x4a,Druid,0x37,0x0,lolAff,0x0,8,7,2,3,0,0,1,0,4,0,0,0,0,181,0,0,181,85,50,10,10,10,15,30,0x0,0x0,0x0,0x0,0x0,0x0,0x80,0x0,0x0,0x0,0x0,0x0,0x0,0x0
King Guy,KingName,KingDesc,0x4b,General,0x38,0x0,HeavenAff,0x0,10,0,0,0,-5,10,0,4,5,181,181,181,0,0,0,0,0,85,50,10,10,10,15,30,0x0,0x0,0x0,0x0,0x0,0x0,0x0,0x0,0x0,0x0,0x0,0x0,0x0,0x0
Kevron,KevName,KevDesc,0x4c,Deserter,0x15,0x0,LightAff,0x0,12,6,4,6,8,5,3,7,0,0,121,0,0,0,0,0,0,85,50,10,10,10,15,30,0x0,0x0,0x0,0x0,0x0,0x0,0x80,0x0,0x0,0x0,0x0,0x0,0x0,0x0
Gorlois (NPC),GorName,GorDesc,0x4d,Parson,0x39,0x0,VoidAff,0x0,1,1,2,1,1,0,5,3,1,0,0,0,0,0,0,121,0,85,50,10,10,10,15,30,0x0,0x0,0x2,0x0,0x0,0x0,0x0,0x0,0x0,0x0,0x0,0x0,0x0,0x0
Scone,SconeName,SconeDesc,0x4e,0x40,0x39,0x0,5,0x0,5,14,8,5,2,7,8,3,0,0,0,121,71,0,0,0,0,85,50,10,10,10,15,30,0x0,0x0,0x0,0x0,0x0,0x0,0x80,0x0,0x0,0x0,0x0,0x0,0x0,0x0
Pablo (Ch 10A),0x241,0x29c,0x4f,0x27,0x3a,0x0,4,0x0,7,16,8,5,8,2,12,9,0,0,0,0,0,71,121,71,0,85,50,25,35,15,15,30,0x0,0x0,0x0,0x0,0x0,0x0,0x80,0x0,0x0,0x0,0x0,0x0,0x0,0x0
Maelduin (Ch 12A),0x255,0x2b1,0x50,0x5e,0x0,0x4,5,0x0,9,15,6,6,2,4,8,0,0,0,0,0,0,0,0,0,0,85,50,10,10,10,15,30,0x0,0x0,0x0,0x0,0x0,0x0,0x80,0x0,0x0,0x0,0x0,0x0,0x0,0x0
Aias (Ch 13A),0x242,0x29d,0x51,0x35,0x3b,0x0,7,0x0,10,25,10,7,4,8,9,11,1,181,121,121,0,0,0,0,0,85,50,35,35,25,15,30,0x0,0x0,0x0,0x0,0x0,0x0,0x80,0x0,0x0,0x0,0x0,0x0,0x0,0x0
Carlyle (Ch 14A),0x243,0x29e,0x52,0x15,0x3c,0x0,1,0x0,11,20,6,6,8,4,8,8,0,181,0,0,0,0,0,0,0,85,65,10,10,20,20,30,0x0,0x0,0x0,0x0,0x0,0x0,0x80,0x0,0x0,0x0,0x0,0x0,0x0,0x0
Caellach (Ch 15),0x244,0x29f,0x53,0x11,0x43,0x0,2,0x0,12,25,13,5,3,7,11,14,2,181,0,251,0,0,0,0,0,85,50,45,45,30,20,20,0x0,0x0,0x0,0x0,0x0,0x0,0x80,0x0,0x0,0x0,0x0,0x0,0x0,0x0
Pablo (Ch 13A),0x241,0x29c,0x54,0x27,0x3a,0x0,4,0x0,7,14,8,5,8,2,12,9,0,0,0,0,0,71,121,71,0,85,50,10,10,10,15,30,0x0,0x0,0x0,0x0,0x0,0x0,0x0,0x0,0x0,0x0,0x0,0x0,0x0,0x0
-,0x267,0x0,0x55,0x41,0x0,0x3,0,0x0,1,0,0,0,0,0,0,0,0,0,0,0,0,0,0,0,0,85,50,10,10,10,15,30,0x0,0x0,0x0,0x0,0x0,0x0,0x80,0x0,0x0,0x0,0x0,0x0,0x0,0x0
Gorgon (Ch 18),0x255,0x2b1,0x56,0x61,0x0,0x4,5,0x0,15,25,10,11,7,5,12,3,0,0,0,0,0,0,0,0,181,85,65,20,40,15,40,30,0x0,0x0,0x0,0x0,0x0,0x0,0x80,0x0,0x0,0x0,0x0,0x0,0x0,0x0
Riev (Ch 19 & 20),0x246,0x2a0,0x57,0x2b,0x48,0x0,5,0x0,16,28,10,17,15,13,10,9,0,0,0,0,0,181,0,251,0,75,45,50,40,20,45,15,0x0,0x0,0x0,0x0,0x0,0x0,0x80,0x0,0x0,0x0,0x0,0x0,0x0,0x0
-,0x267,0x0,0x58,0x41,0x0,0x3,0,0x0,1,0,0,0,0,0,0,0,0,0,0,0,0,0,0,0,0,85,50,10,10,10,15,30,0x0,0x0,0x0,0x0,0x0,0x0,0x80,0x0,0x0,0x0,0x0,0x0,0x0,0x0
-,0x267,0x0,0x59,0x41,0x0,0x3,0,0x0,1,0,0,0,0,0,0,0,0,0,0,0,0,0,0,0,0,85,50,10,10,10,15,30,0x0,0x0,0x0,0x0,0x0,0x0,0x80,0x0,0x0,0x0,0x0,0x0,0x0,0x0
Gheb (Ch 9B),0x247,0x2a1,0x5a,0x40,0x3d,0x0,2,0x0,5,17,10,3,0,8,5,1,3,0,0,181,31,0,0,0,0,85,50,10,10,10,15,30,0x0,0x0,0x0,0x0,0x0,0x0,0x80,0x0,0x0,0x0,0x0,0x0,0x0,0x0
Beran (Ch 10B),0x248,0x2a2,0x5b,0x1d,0x3e,0x0,4,0x0,7,22,8,7,7,8,9,6,0,121,0,0,181,0,0,0,0,85,50,35,35,25,15,30,0x0,0x0,0x0,0x0,0x0,0x0,0x80,0x0,0x0,0x0,0x0,0x0,0x0,0x0
Cyclops (Ch 12B),0x255,0x2b1,0x5c,0x5a,0x0,0x4,5,0x0,9,18,7,3,3,2,10,0,0,0,0,0,0,0,0,0,0,85,50,35,35,25,15,30,0x0,0x0,0x0,0x0,0x0,0x0,0x80,0x0,0x0,0x0,0x0,0x0,0x0,0x0
Wight (Ch 11A),0x255,0x2b1,0x5d,0x56,0x0,0x4,5,0x0,8,15,5,10,7,4,7,1,0,0,0,0,0,0,0,0,0,85,50,10,10,10,15,30,0x0,0x0,0x0,0x0,0x0,0x0,0x80,0x0,0x0,0x0,0x0,0x0,0x0,0x0
Deathgoyle (Ch 11B),0x255,0x2b1,0x5e,0x64,0x0,0x4,5,0x0,8,14,5,9,6,4,4,0,0,0,0,0,0,0,0,0,0,85,50,10,10,10,15,30,0x0,0x0,0x0,0x0,0x0,0x0,0x80,0x0,0x0,0x0,0x0,0x0,0x0,0x0
Entombed (Monster Boss),0x255,0x2b1,0x5f,0x53,0x0,0x4,5,0x0,1,7,2,2,1,2,2,1,0,0,0,0,0,0,0,0,0,85,50,35,35,15,15,30,0x0,0x0,0x0,0x0,0x0,0x0,0x80,0x0,0x0,0x0,0x0,0x0,0x0,0x0
-,0x267,0x0,0x60,0x41,0x0,0x3,0,0x0,1,0,0,0,0,0,0,0,0,0,0,0,0,0,0,0,0,85,50,10,10,10,15,30,0x0,0x0,0x0,0x0,0x0,0x0,0x80,0x0,0x0,0x0,0x0,0x0,0x0,0x0
-,0x267,0x0,0x61,0x41,0x0,0x3,0,0x0,1,0,0,0,0,0,0,0,0,0,0,0,0,0,0,0,0,85,50,10,10,10,15,30,0x0,0x0,0x0,0x0,0x0,0x0,0x80,0x0,0x0,0x0,0x0,0x0,0x0,0x0
-,0x267,0x0,0x62,0x41,0x0,0x3,0,0x0,1,0,0,0,0,0,0,0,0,0,0,0,0,0,0,0,0,85,50,10,10,10,15,30,0x0,0x0,0x0,0x0,0x0,0x0,0x80,0x0,0x0,0x0,0x0,0x0,0x0,0x0
-,0x267,0x0,0x63,0x41,0x0,0x3,0,0x0,1,0,0,0,0,0,0,0,0,0,0,0,0,0,0,0,0,85,50,10,10,10,15,30,0x0,0x0,0x0,0x0,0x0,0x0,0x80,0x0,0x0,0x0,0x0,0x0,0x0,0x0
Hunter (Ch 16),0x250,0x2ac,0x64,0xd,0x0,0x6,0,0x0,1,0,0,0,0,0,0,0,0,0,0,0,0,0,0,0,0,85,50,10,10,10,15,30,0x0,0x0,0x0,0x0,0x0,0x0,0x0,0x0,0x0,0x0,0x0,0x0,0x0,0x0
-,0x24f,0x2ad,0x65,0x41,0x0,0x6,0,0x0,1,0,0,0,0,0,0,0,0,0,0,0,0,0,0,0,0,60,20,30,35,15,15,25,0x0,0x0,0x0,0x0,0x0,0x0,0x0,0x0,0x0,0x0,0x0,0x0,0x0,0x0
Brigand,0x24f,0x2ad,0x66,0x41,0x4c,0x6,2,0x0,1,2,2,2,2,2,2,2,0,0,0,0,0,0,0,0,0,60,20,30,35,15,15,25,0x0,0x0,0x0,0x0,0x0,0x0,0x0,0x0,0x0,0x0,0x0,0x0,0x0,0x0
-,0x24f,0x2ad,0x67,0x41,0x4d,0x6,0,0x0,1,0,0,0,0,0,0,0,0,0,0,0,0,0,0,0,0,60,20,30,35,15,15,25,0x0,0x0,0x0,0x0,0x0,0x0,0x0,0x0,0x0,0x0,0x0,0x0,0x0,0x0
Marcellus (Prologue Boss),MarcName,MarcDesc,0x68,0x3f,0x31,0x0,VoidAff,0x0,13,14,3,3,2,2,2,5,3,0,0,71,0,0,0,0,0,85,50,10,10,10,15,30,0x0,0x0,0x0,0x0,0x0,0x0,0x80,0x0,0x0,0x0,0x0,0x0,0x0,0x0
Ogrim (With Watchful),OgrimName,OgrimAltDesc,0x69,0x5A,0x3,0x0,HeavenAff,0x3,2,0,0,0,0,0,0,7,1,0,0,0,0,31,0,31,0,85,40,40,20,55,50,40,0x0,0x0,0x0,0x0,0x0,0x0,0x80,0x0,0x0,0x0,0x0,0x0,0x0,0x0
Zonta (Ch 5x),0x24b,0x2a5,0x6a,0xf,0x35,0x0,6,0x0,8,7,5,0,1,2,6,4,0,71,0,0,0,0,0,0,0,85,50,10,10,10,15,30,0x0,0x0,0x0,0x0,0x0,0x0,0x80,0x0,0x0,0x0,0x0,0x0,0x0,0x0
Vigarde (Ch 14B),0x24c,0x2a6,0x6b,0xb,0x40,0x0,7,0x0,13,31,13,10,8,7,9,9,2,181,251,181,0,0,0,0,0,85,50,10,10,10,15,30,0x0,0x0,0x0,0x0,0x0,0x0,0x80,0x0,0x0,0x0,0x0,0x0,0x0,0x0
Lyon (Ch Final),0x234,0x2a7,0x6c,0x4f,0x4a,0x0,4,0x0,18,55,20,15,10,23,21,9,0,0,0,0,0,181,0,0,251,60,20,30,35,15,15,25,0x0,0x0,0x0,0x0,0x0,0x0,0x80,0x0,0x0,0x0,0x0,0x0,0x0,0x0
Orson (Ch 16),0x236,0x2a8,0x6d,0x7,0x44,0x0,5,0x0,13,25,11,11,7,6,8,6,1,181,181,0,0,0,0,0,0,60,20,30,35,15,15,25,0x0,0x0,0x0,0x0,0x0,0x0,0x80,0x0,0x0,0x0,0x0,0x0,0x0,0x0
-,0x267,0x0,0x6e,0x41,0x0,0x0,0,0x0,0,0,0,0,0,0,0,0,0,0,0,0,0,0,0,0,0,60,20,30,35,15,15,25,0x0,0x0,0x0,0x0,0x0,0x0,0x0,0x0,0x0,0x0,0x0,0x0,0x0,0x0
-,0x267,0x0,0x6f,0x41,0x0,0x0,0,0x0,0,0,0,0,0,0,0,0,0,0,0,0,0,0,0,0,0,60,20,30,35,15,15,25,0x0,0x0,0x0,0x0,0x0,0x0,0x0,0x0,0x0,0x0,0x0,0x0,0x0,0x0
-,0x267,0x0,0x70,0x41,0x0,0x0,0,0x0,0,0,0,0,0,0,0,0,0,0,0,0,0,0,0,0,0,60,20,30,35,15,15,25,0x0,0x0,0x0,0x0,0x0,0x0,0x0,0x0,0x0,0x0,0x0,0x0,0x0,0x0
-,0x267,0x0,0x71,0x41,0x0,0x0,0,0x0,0,0,0,0,0,0,0,0,0,0,0,0,0,0,0,0,0,60,20,30,35,15,15,25,0x0,0x0,0x0,0x0,0x0,0x0,0x0,0x0,0x0,0x0,0x0,0x0,0x0,0x0
-,0x267,0x0,0x72,0x41,0x0,0x0,0,0x0,0,0,0,0,0,0,0,0,0,0,0,0,0,0,0,0,0,60,20,30,35,15,15,25,0x0,0x0,0x0,0x0,0x0,0x0,0x0,0x0,0x0,0x0,0x0,0x0,0x0,0x0
-,0x267,0x0,0x73,0x41,0x0,0x0,0,0x0,0,0,0,0,0,0,0,0,0,0,0,0,0,0,0,0,0,60,20,30,35,15,15,25,0x0,0x0,0x0,0x0,0x0,0x0,0x0,0x0,0x0,0x0,0x0,0x0,0x0,0x0
-,0x267,0x0,0x74,0x41,0x0,0x0,0,0x0,0,0,0,0,0,0,0,0,0,0,0,0,0,0,0,0,0,60,20,30,35,15,15,25,0x0,0x0,0x0,0x0,0x0,0x0,0x0,0x0,0x0,0x0,0x0,0x0,0x0,0x0
-,0x267,0x0,0x75,0x41,0x0,0x0,0,0x0,0,0,0,0,0,0,0,0,0,0,0,0,0,0,0,0,0,60,20,30,35,15,15,25,0x0,0x0,0x0,0x0,0x0,0x0,0x0,0x0,0x0,0x0,0x0,0x0,0x0,0x0
-,0x267,0x0,0x76,0x41,0x0,0x0,0,0x0,0,0,0,0,0,0,0,0,0,0,0,0,0,0,0,0,0,60,20,30,35,15,15,25,0x0,0x0,0x0,0x0,0x0,0x0,0x0,0x0,0x0,0x0,0x0,0x0,0x0,0x0
-,0x267,0x0,0x77,0x41,0x0,0x0,0,0x0,0,0,0,0,0,0,0,0,0,0,0,0,0,0,0,0,0,60,20,30,35,15,15,25,0x0,0x0,0x0,0x0,0x0,0x0,0x0,0x0,0x0,0x0,0x0,0x0,0x0,0x0
-,0x267,0x0,0x78,0x41,0x0,0x0,0,0x0,0,0,0,0,0,0,0,0,0,0,0,0,0,0,0,0,0,60,20,30,35,15,15,25,0x0,0x0,0x0,0x0,0x0,0x0,0x0,0x0,0x0,0x0,0x0,0x0,0x0,0x0
-,0x267,0x0,0x79,0x41,0x0,0x0,0,0x0,0,0,0,0,0,0,0,0,0,0,0,0,0,0,0,0,0,60,20,30,35,15,15,25,0x0,0x0,0x0,0x0,0x0,0x0,0x0,0x0,0x0,0x0,0x0,0x0,0x0,0x0
-,0x267,0x0,0x7a,0x41,0x0,0x0,0,0x0,0,0,0,0,0,0,0,0,0,0,0,0,0,0,0,0,0,60,20,30,35,15,15,25,0x0,0x0,0x0,0x0,0x0,0x0,0x0,0x0,0x0,0x0,0x0,0x0,0x0,0x0
-,0x267,0x0,0x7b,0x41,0x0,0x0,0,0x0,0,0,0,0,0,0,0,0,0,0,0,0,0,0,0,0,0,60,20,30,35,15,15,25,0x0,0x0,0x0,0x0,0x0,0x0,0x0,0x0,0x0,0x0,0x0,0x0,0x0,0x0
-,0x267,0x0,0x7c,0x41,0x0,0x0,0,0x0,0,0,0,0,0,0,0,0,0,0,0,0,0,0,0,0,0,60,20,30,35,15,15,25,0x0,0x0,0x0,0x0,0x0,0x0,0x0,0x0,0x0,0x0,0x0,0x0,0x0,0x0
-,0x267,0x0,0x7d,0x41,0x0,0x0,0,0x0,0,0,0,0,0,0,0,0,0,0,0,0,0,0,0,0,0,60,20,30,35,15,15,25,0x0,0x0,0x0,0x0,0x0,0x0,0x0,0x0,0x0,0x0,0x0,0x0,0x0,0x0
-,0x267,0x0,0x7e,0x41,0x0,0x0,0,0x0,0,0,0,0,0,0,0,0,0,0,0,0,0,0,0,0,0,60,20,30,35,15,15,25,0x0,0x0,0x0,0x0,0x0,0x0,0x0,0x0,0x0,0x0,0x0,0x0,0x0,0x0
Wreyvine Soldier 1,0x24d,0x2a9,0x7f,0x5,0x0,0x3,0,0x0,1,0,0,0,0,0,0,1,0,0,0,0,0,0,0,0,0,60,20,30,35,15,15,25,0x0,0x0,0x0,0x0,0x0,0x0,0x0,0x0,0x0,0x0,0x0,0x0,0x0,0x0
Wreyvine Holy Guard,0x24d,HolyGuardDesc,0x80,0x3f,0x0,0x3,0,0x0,1,0,0,0,0,0,0,0,0,0,0,0,0,0,0,0,0,60,20,30,35,15,15,25,0x0,0x0,0x0,0x0,0x0,0x0,0x0,0x0,0x0,0x0,0x0,0x0,0x0,0x0
Evil Cult,EvilCultName,EvilCultDesc,0x81,Shaman,0x0,0x4,VoidAff,0x0,0,0,0,0,0,0,0,1,0,0,0,0,0,0,0,0,0,85,50,10,10,10,15,30,0x0,0x0,0x0,0x0,0x0,0x0,0x0,0x0,0x0,0x0,0x0,0x0,0x0,0x0
Brigand,BadGuyName,BadGuyDesc,0x82,Brigand,0x0,0x6,0,0x0,0,0,0,0,0,0,0,1,0,0,0,0,0,0,0,0,0,85,50,10,10,10,15,30,0x0,0x0,0x0,0x0,0x0,0x0,0x0,0x0,0x0,0x0,0x0,0x0,0x0,0x0
Pirate,0x2EE,PirateUDesc,0x83,Pirate,0x0,0x3,0,0x0,0,0,0,0,0,0,0,1,0,0,0,0,0,0,0,0,0,85,50,10,10,10,15,30,0x0,0x0,0x0,0x0,0x0,0x0,0x0,0x0,0x0,0x0,0x0,0x0,0x0,0x0
Flier Enemies,HiemsName,HiemsDesc,0x84,Occultist,0x0,0x4,VoidAff,0x0,0,0,0,0,1,0,0,1,0,0,0,0,0,0,0,0,0,85,50,10,10,10,15,30,0x0,0x0,0x0,0x0,0x0,0x0,0x0,0x0,0x0,0x0,0x0,0x0,0x0,0x0
Flier Enemies 2,BadGuyName,BadGuyDesc,0x85,PegasusRider,0x0,0x6,0,0x0,0,0,0,0,1,0,0,1,0,0,0,0,0,0,0,0,0,85,50,10,10,10,15,30,0x0,0x0,0x0,0x0,0x0,0x0,0x0,0x0,0x0,0x0,0x0,0x0,0x0,0x0
Hiems,HiemsName,HiemsDesc,0x86,Shaman,0x0,0x4,VoidAff,0x0,0,0,0,0,0,0,1,1,0,0,0,0,0,0,0,0,0,85,50,10,10,10,15,30,0x0,0x0,0x0,0x0,0x0,0x0,0x0,0x0,0x0,0x0,0x0,0x0,0x0,0x0
Evil Cult (Stealable),EvilCultName,EvilCultDesc,0x87,Shaman,0x0,0x4,VoidAff,0x0,0,1,0,0,-2,0,0,2,0,0,0,0,0,0,0,0,0,85,50,10,10,10,15,30,0x0,0x0,0x0,0x0,0x0,0x0,0x0,0x0,0x0,0x0,0x0,0x0,0x0,0x0
Brigand (Stealable),BadGuyName,BadGuyDesc,0x88,Brigand,0x0,0x6,0,0x0,0,1,0,0,0,0,0,2,0,0,0,0,0,0,0,0,0,85,50,10,10,10,15,30,0x0,0x0,0x0,0x0,0x0,0x0,0x0,0x0,0x0,0x0,0x0,0x0,0x0,0x0
Pirate (Stealable),0x2EE,PirateUDesc,0x89,Pirate,0x0,0x3,0,0x0,0,1,0,0,0,0,0,2,0,0,0,0,0,0,0,0,0,85,50,10,10,10,15,30,0x0,0x0,0x0,0x0,0x0,0x0,0x0,0x0,0x0,0x0,0x0,0x0,0x0,0x0
Flier Enemies (Stealable),HiemsName,HiemsDesc,0x8A,Occultist,0x0,0x4,VoidAff,0x0,0,1,0,0,1,0,0,2,0,0,0,0,0,0,0,0,0,85,50,10,10,10,15,30,0x0,0x0,0x0,0x0,0x0,0x0,0x0,0x0,0x0,0x0,0x0,0x0,0x0,0x0
Flier Enemies 2 (Stealable),BadGuyName,BadGuyDesc,0x8B,PegasusRider,0x0,0x6,0,0x0,0,1,0,0,1,0,0,2,0,0,0,0,0,0,0,0,0,85,50,10,10,10,15,30,0x0,0x0,0x0,0x0,0x0,0x0,0x0,0x0,0x0,0x0,0x0,0x0,0x0,0x0
Hiems (Stealable),HiemsName,HiemsDesc,0x8C,Shaman,0x0,0x4,VoidAff,0x0,0,1,0,0,0,0,1,2,0,0,0,0,0,0,0,0,0,85,50,10,10,10,15,30,0x0,0x0,0x0,0x0,0x0,0x0,0x0,0x0,0x0,0x0,0x0,0x0,0x0,0x0
Grado Remnant 1 (Main),0x24e,0x2aa,0x8d,0x9,0x0,0x3,0,0x0,1,0,0,0,0,0,0,0,0,0,0,0,0,0,0,0,0,60,20,30,35,15,15,25,0x0,0x0,0x0,0x0,0x0,0x0,0x0,0x0,0x0,0x0,0x0,0x0,0x0,0x0
Cutthroat,0x254,0x2ae,0x8e,0x41,0x0,0x6,0,0x0,1,0,0,0,0,0,0,0,0,0,0,0,0,0,0,0,0,60,20,30,35,15,15,25,0x0,0x0,0x0,0x0,0x0,0x0,0x0,0x0,0x0,0x0,0x0,0x0,0x0,0x0
Grado Remnant 2 (Cutscene and C16 only?),0x24e,0x2aa,0x8f,0x5,0x0,0x3,0,0x0,1,0,0,0,0,0,0,0,0,0,0,0,0,0,0,0,0,60,20,30,35,15,15,25,0x0,0x0,0x0,0x0,0x0,0x0,0x0,0x0,0x0,0x0,0x0,0x0,0x0,0x0
Grado Remnant 3 (C16 only?),0x24e,0x2aa,0x90,0x2d,0x0,0x3,0,0x0,1,0,0,0,0,0,0,0,0,0,0,0,0,0,0,0,0,60,20,30,35,15,15,25,0x0,0x0,0x0,0x0,0x0,0x0,0x0,0x0,0x0,0x0,0x0,0x0,0x0,0x0
Grado Remnant 4 (C16 only?),0x24e,0x2aa,0x91,0x25,0x0,0x3,0,0x0,1,0,0,0,0,0,0,0,0,0,0,0,0,0,0,0,0,60,20,30,35,15,15,25,0x0,0x0,0x0,0x0,0x0,0x0,0x0,0x0,0x0,0x0,0x0,0x0,0x0,0x0
Wraith (Sage),0x267,0x0,0x92,0x41,0x0,0x3,0,0x0,0,0,0,0,0,0,0,0,0,0,0,0,0,0,0,0,0,0,0,0,0,0,0,0,0x0,0x0,0x0,0x0,0x0,0x0,0x0,0x0,0x0,0x0,0x0,0x0,0x0,0x0
Wraith (Swords),0x267,0x0,0x93,0x41,0x0,0x3,0,0x0,0,0,0,0,0,0,0,0,0,0,0,0,0,0,0,0,0,0,0,0,0,0,0,0,0x0,0x0,0x0,0x0,0x0,0x0,0x0,0x0,0x0,0x0,0x0,0x0,0x0,0x0
Wraith (Axes),0x267,0x0,0x94,0x41,0x0,0x3,0,0x0,0,0,0,0,0,0,0,0,0,0,0,0,0,0,0,0,0,0,0,0,0,0,0,0,0x0,0x0,0x0,0x0,0x0,0x0,0x0,0x0,0x0,0x0,0x0,0x0,0x0,0x0
-,0x267,0x0,0x95,0x41,0x0,0x3,0,0x0,0,0,0,0,0,0,0,0,0,0,0,0,0,0,0,0,0,0,0,0,0,0,0,0,0x0,0x0,0x0,0x0,0x0,0x0,0x0,0x0,0x0,0x0,0x0,0x0,0x0,0x0
-,0x267,0x0,0x96,0x41,0x0,0x3,0,0x0,0,0,0,0,0,0,0,0,0,0,0,0,0,0,0,0,0,0,0,0,0,0,0,0,0x0,0x0,0x0,0x0,0x0,0x0,0x0,0x0,0x0,0x0,0x0,0x0,0x0,0x0
-,0x267,0x0,0x97,0x41,0x0,0x3,0,0x0,0,0,0,0,0,0,0,0,0,0,0,0,0,0,0,0,0,0,0,0,0,0,0,0,0x0,0x0,0x0,0x0,0x0,0x0,0x0,0x0,0x0,0x0,0x0,0x0,0x0,0x0
-,0x267,0x0,0x98,0x41,0x0,0x3,0,0x0,0,0,0,0,0,0,0,0,0,0,0,0,0,0,0,0,0,0,0,0,0,0,0,0,0x0,0x0,0x0,0x0,0x0,0x0,0x0,0x0,0x0,0x0,0x0,0x0,0x0,0x0
-,0x267,0x0,0x99,0x41,0x0,0x3,0,0x0,0,0,0,0,0,0,0,0,0,0,0,0,0,0,0,0,0,0,0,0,0,0,0,0,0x0,0x0,0x0,0x0,0x0,0x0,0x0,0x0,0x0,0x0,0x0,0x0,0x0,0x0
-,0x267,0x0,0x9a,0x41,0x0,0x3,0,0x0,0,0,0,0,0,0,0,0,0,0,0,0,0,0,0,0,0,0,0,0,0,0,0,0,0x0,0x0,0x0,0x0,0x0,0x0,0x0,0x0,0x0,0x0,0x0,0x0,0x0,0x0
-,0x267,0x0,0x9b,0x41,0x0,0x3,0,0x0,0,0,0,0,0,0,0,0,0,0,0,0,0,0,0,0,0,0,0,0,0,0,0,0,0x0,0x0,0x0,0x0,0x0,0x0,0x0,0x0,0x0,0x0,0x0,0x0,0x0,0x0
-,0x267,0x0,0x9c,0x41,0x0,0x3,0,0x0,0,0,0,0,0,0,0,0,0,0,0,0,0,0,0,0,0,0,0,0,0,0,0,0,0x0,0x0,0x0,0x0,0x0,0x0,0x0,0x0,0x0,0x0,0x0,0x0,0x0,0x0
-,0x267,0x0,0x9d,0x41,0x0,0x3,0,0x0,0,0,0,0,0,0,0,0,0,0,0,0,0,0,0,0,0,0,0,0,0,0,0,0,0x0,0x0,0x0,0x0,0x0,0x0,0x0,0x0,0x0,0x0,0x0,0x0,0x0,0x0
-,0x267,0x0,0x9e,0x41,0x0,0x3,0,0x0,0,0,0,0,0,0,0,0,0,0,0,0,0,0,0,0,0,0,0,0,0,0,0,0,0x0,0x0,0x0,0x0,0x0,0x0,0x0,0x0,0x0,0x0,0x0,0x0,0x0,0x0
-,0x267,0x0,0x9f,0x41,0x0,0x3,0,0x0,0,0,0,0,0,0,0,0,0,0,0,0,0,0,0,0,0,0,0,0,0,0,0,0,0x0,0x0,0x0,0x0,0x0,0x0,0x0,0x0,0x0,0x0,0x0,0x0,0x0,0x0
-,0x267,0x0,0xa0,0x41,0x0,0x3,0,0x0,0,0,0,0,0,0,0,0,0,0,0,0,0,0,0,0,0,0,0,0,0,0,0,0,0x0,0x0,0x0,0x0,0x0,0x0,0x0,0x0,0x0,0x0,0x0,0x0,0x0,0x0
-,0x267,0x0,0xa1,0x41,0x0,0x3,0,0x0,0,0,0,0,0,0,0,0,0,0,0,0,0,0,0,0,0,0,0,0,0,0,0,0,0x0,0x0,0x0,0x0,0x0,0x0,0x0,0x0,0x0,0x0,0x0,0x0,0x0,0x0
-,0x267,0x0,0xa2,0x41,0x0,0x3,0,0x0,0,0,0,0,0,0,0,0,0,0,0,0,0,0,0,0,0,0,0,0,0,0,0,0,0x0,0x0,0x0,0x0,0x0,0x0,0x0,0x0,0x0,0x0,0x0,0x0,0x0,0x0
-,0x267,0x0,0xa3,0x41,0x0,0x3,0,0x0,0,0,0,0,0,0,0,0,0,0,0,0,0,0,0,0,0,0,0,0,0,0,0,0,0x0,0x0,0x0,0x0,0x0,0x0,0x0,0x0,0x0,0x0,0x0,0x0,0x0,0x0
-,0x267,0x0,0xa4,0x41,0x0,0x3,0,0x0,0,0,0,0,0,0,0,0,0,0,0,0,0,0,0,0,0,0,0,0,0,0,0,0,0x0,0x0,0x0,0x0,0x0,0x0,0x0,0x0,0x0,0x0,0x0,0x0,0x0,0x0
-,0x267,0x0,0xa5,0x41,0x0,0x3,0,0x0,0,0,0,0,0,0,0,0,0,0,0,0,0,0,0,0,0,0,0,0,0,0,0,0,0x0,0x0,0x0,0x0,0x0,0x0,0x0,0x0,0x0,0x0,0x0,0x0,0x0,0x0
-,0x267,0x0,0xa6,0x41,0x0,0x3,0,0x0,0,0,0,0,0,0,0,0,0,0,0,0,0,0,0,0,0,0,0,0,0,0,0,0,0x0,0x0,0x0,0x0,0x0,0x0,0x0,0x0,0x0,0x0,0x0,0x0,0x0,0x0
Mercenary (C9A),0x253,0x2ab,0xa7,0xf,0x0,0x6,0,0x0,1,0,0,0,0,0,0,0,0,0,0,0,0,0,0,0,0,60,20,30,35,15,15,25,0x0,0x0,0x0,0x0,0x0,0x0,0x0,0x0,0x0,0x0,0x0,0x0,0x0,0x0
Mercenary (C10A),0x251,0x2af,0xa8,0xf,0x0,0x6,0,0x0,1,0,0,0,0,0,0,0,0,0,0,0,0,0,0,0,0,60,20,30,35,15,15,25,0x0,0x0,0x0,0x0,0x0,0x0,0x0,0x0,0x0,0x0,0x0,0x0,0x0,0x0
Merc Remnant (C13A),0x252,0x2b0,0xa9,0xf,0x0,0x6,0,0x0,1,0,0,0,0,0,0,0,0,0,0,0,0,0,0,0,0,60,20,30,35,15,15,25,0x0,0x0,0x0,0x0,0x0,0x0,0x0,0x0,0x0,0x0,0x0,0x0,0x0,0x0
Monster,0x255,0x2b1,0xaa,0x52,0x0,0x4,5,0x0,1,0,0,0,0,0,0,0,0,0,0,0,0,0,0,0,0,60,20,30,35,15,15,25,0x0,0x0,0x0,0x0,0x0,0x0,0x0,0x0,0x0,0x0,0x0,0x0,0x0,0x0
Monster,0x255,0x2b1,0xab,0x53,0x0,0x4,5,0x0,1,0,0,0,0,0,0,0,0,0,0,0,0,0,0,0,0,60,20,30,35,15,15,25,0x0,0x0,0x0,0x0,0x0,0x0,0x0,0x0,0x0,0x0,0x0,0x0,0x0,0x0
Monster,0x255,0x2b1,0xac,0x54,0x0,0x4,5,0x0,1,0,0,0,0,0,0,0,0,0,0,0,0,0,0,0,0,60,20,30,35,15,15,25,0x0,0x0,0x0,0x0,0x0,0x0,0x0,0x0,0x0,0x0,0x0,0x0,0x0,0x0
Monster,0x255,0x2b1,0xad,0x55,0x0,0x4,5,0x0,1,0,0,0,0,0,0,0,0,0,0,0,0,0,0,0,0,60,20,30,35,15,15,25,0x0,0x0,0x0,0x0,0x0,0x0,0x0,0x0,0x0,0x0,0x0,0x0,0x0,0x0
Monster,0x255,0x2b1,0xae,0x56,0x0,0x4,5,0x0,1,0,0,0,0,0,0,0,0,0,0,0,0,0,0,0,0,60,20,30,35,15,15,25,0x0,0x0,0x0,0x0,0x0,0x0,0x0,0x0,0x0,0x0,0x0,0x0,0x0,0x0
Monster,0x255,0x2b1,0xaf,0x57,0x0,0x4,5,0x0,1,0,0,0,0,0,0,0,0,0,0,0,0,0,0,0,0,60,20,30,35,15,15,25,0x0,0x0,0x0,0x0,0x0,0x0,0x0,0x0,0x0,0x0,0x0,0x0,0x0,0x0
Monster,0x255,0x2b1,0xb0,0x58,0x0,0x4,5,0x0,1,0,0,0,0,0,0,0,0,0,0,0,0,0,0,0,0,60,20,30,35,15,15,25,0x0,0x0,0x0,0x0,0x0,0x0,0x0,0x0,0x0,0x0,0x0,0x0,0x0,0x0
Monster,0x255,0x2b1,0xb1,0x59,0x0,0x4,5,0x0,1,0,0,0,0,0,0,0,0,0,0,0,0,0,0,0,0,60,20,30,35,15,15,25,0x0,0x0,0x0,0x0,0x0,0x0,0x0,0x0,0x0,0x0,0x0,0x0,0x0,0x0
Monster,0x255,0x2b1,0xb2,0x5a,0x0,0x4,5,0x0,1,0,0,0,0,0,0,0,0,0,0,0,0,0,0,0,0,60,20,30,35,15,15,25,0x0,0x0,0x0,0x0,0x0,0x0,0x0,0x0,0x0,0x0,0x0,0x0,0x0,0x0
Monster,0x255,0x2b1,0xb3,0x5b,0x0,0x4,5,0x0,1,0,0,0,0,0,0,0,0,0,0,0,0,0,0,0,0,60,20,30,35,15,15,25,0x0,0x0,0x0,0x0,0x0,0x0,0x0,0x0,0x0,0x0,0x0,0x0,0x0,0x0
Monster,0x255,0x2b1,0xb4,0x5c,0x0,0x4,5,0x0,1,0,0,0,0,0,0,0,0,0,0,0,0,0,0,0,0,60,20,30,35,15,15,25,0x0,0x0,0x0,0x0,0x0,0x0,0x0,0x0,0x0,0x0,0x0,0x0,0x0,0x0
Monster,0x255,0x2b1,0xb5,0x5d,0x0,0x4,5,0x0,1,0,0,0,0,0,0,0,0,0,0,0,0,0,0,0,0,60,20,30,35,15,15,25,0x0,0x0,0x0,0x0,0x0,0x0,0x0,0x0,0x0,0x0,0x0,0x0,0x0,0x0
Monster,0x255,0x2b1,0xb6,0x5e,0x0,0x4,5,0x0,1,0,0,0,0,0,0,0,0,0,0,0,0,0,0,0,0,60,20,30,35,15,15,25,0x0,0x0,0x0,0x0,0x0,0x0,0x0,0x0,0x0,0x0,0x0,0x0,0x0,0x0
Monster,0x255,0x2b1,0xb7,0x5f,0x0,0x4,5,0x0,1,0,0,0,0,0,0,0,0,0,0,0,0,0,0,0,0,60,20,30,35,15,15,25,0x0,0x0,0x0,0x0,0x0,0x0,0x0,0x0,0x0,0x0,0x0,0x0,0x0,0x0
Monster,0x255,0x2b1,0xb8,0x60,0x0,0x4,5,0x0,1,0,0,0,0,0,0,0,0,0,0,0,0,0,0,0,0,60,20,30,35,15,15,25,0x0,0x0,0x0,0x0,0x0,0x0,0x0,0x0,0x0,0x0,0x0,0x0,0x0,0x0
Monster,0x255,0x2b1,0xb9,0x61,0x0,0x4,5,0x0,1,0,0,0,0,0,0,0,0,0,0,0,0,0,0,0,0,60,20,30,35,15,15,25,0x0,0x0,0x0,0x0,0x0,0x0,0x0,0x0,0x0,0x0,0x0,0x0,0x0,0x0
Monster,0x256,0x2b1,0xba,0x62,0x0,0x4,5,0x0,1,0,0,0,0,0,0,0,0,0,0,0,0,0,0,0,0,100,0,0,0,0,0,0,0x0,0x0,0x0,0x0,0x0,0x0,0x0,0x0,0x0,0x0,0x0,0x0,0x0,0x0
Monster,0x255,0x2b1,0xbb,0x63,0x0,0x4,5,0x0,1,0,0,0,0,0,0,0,0,0,0,0,0,0,0,0,0,60,20,30,35,15,15,25,0x0,0x0,0x0,0x0,0x0,0x0,0x0,0x0,0x0,0x0,0x0,0x0,0x0,0x0
Monster,0x255,0x2b1,0xbc,0x64,0x0,0x4,5,0x0,1,0,0,0,0,0,0,0,0,0,0,0,0,0,0,0,0,60,20,30,35,15,15,25,0x0,0x0,0x0,0x0,0x0,0x0,0x0,0x0,0x0,0x0,0x0,0x0,0x0,0x0
Monster,0x255,0x2b1,0xbd,0x65,0x0,0x1,5,0x0,1,0,0,0,0,0,0,0,0,0,0,0,0,0,0,0,0,60,20,30,35,15,15,25,0x0,0x0,0x0,0x0,0x0,0x0,0x0,0x0,0x0,0x0,0x0,0x0,0x0,0x0
Monster,0x25a,0x2b2,0xbe,0x66,0x0,0x4,5,0x0,20,0,0,0,0,0,0,10,0,0,0,0,0,0,0,0,0,60,20,30,35,15,15,25,0x0,0x0,0x0,0x0,0x0,0x0,0x80,0x0,0x0,0x0,0x0,0x0,0x0,0x0
Demon King,0x267,0x0,0xbf,0x41,0x0,0x0,0,0x0,1,0,0,0,0,0,0,0,0,0,0,0,0,0,0,0,0,0,0,0,0,0,0,0,0x0,0x0,0x0,0x0,0x0,0x0,0x0,0x0,0x0,0x0,0x0,0x0,0x0,0x0
-,0x262,0x2ba,0xc0,0x13,0x0,0x2,0,0x0,1,0,0,0,0,0,0,0,0,0,0,0,0,0,0,0,0,85,40,50,45,25,25,20,0x0,0x0,0x0,0x0,0x0,0x0,0x0,0x0,0x0,0x0,0x0,0x0,0x0,0x0
Frelian,0x262,0x2ba,0xc1,0x5,0x0,0x2,0,0x0,1,0,0,0,0,0,0,0,0,0,0,0,0,0,0,0,0,85,40,50,45,25,25,20,0x0,0x0,0x0,0x0,0x0,0x0,0x0,0x0,0x0,0x0,0x0,0x0,0x0,0x0
Frelian,0x267,0x0,0xc2,0x41,0x0,0x0,0,0x0,1,0,0,0,0,0,0,0,0,0,0,0,0,0,0,0,0,0,0,0,0,0,0,0,0x0,0x0,0x0,0x0,0x0,0x0,0x0,0x0,0x0,0x0,0x0,0x0,0x0,0x0
-,0x267,0x0,0xc3,0x41,0x0,0x0,0,0x0,1,0,0,0,0,0,0,0,0,0,0,0,0,0,0,0,0,0,0,0,0,0,0,0,0x0,0x0,0x0,0x0,0x0,0x0,0x0,0x0,0x0,0x0,0x0,0x0,0x0,0x0
-,0x267,0x0,0xc4,0x41,0x0,0x0,0,0x0,1,0,0,0,0,0,0,0,0,0,0,0,0,0,0,0,0,0,0,0,0,0,0,0,0x0,0x0,0x0,0x0,0x0,0x0,0x0,0x0,0x0,0x0,0x0,0x0,0x0,0x0
-,0x25b,0x2b3,0xc5,0x27,0x51,0x0,1,0x0,5,13,8,6,8,2,12,10,3,0,0,0,0,0,0,0,0,85,40,50,45,25,25,20,0x0,0x0,0x0,0x0,0x0,0x0,0x0,0x0,0x0,0x0,0x0,0x0,0x0,0x0
Fado (Renais),0x267,0x0,0xc6,0x41,0x0,0x0,0,0x0,1,0,0,0,0,0,0,0,0,0,0,0,0,0,0,0,0,0,0,0,0,0,0,0,0x0,0x0,0x0,0x0,0x0,0x0,0x0,0x0,0x0,0x0,0x0,0x0,0x0,0x0
-,0x25c,0x2b4,0xc7,0x73,0x52,0x0,7,0x0,1,0,0,0,0,0,0,0,1,0,0,0,0,0,0,0,0,85,40,50,45,25,25,20,0x0,0x0,0x0,0x0,0x0,0x0,0x0,0x0,0x0,0x0,0x0,0x0,0x0,0x0
Hayden (Frelia),0x25e,0x2b5,0xc8,0x7a,0x53,0x0,6,0x0,17,11,11,3,2,5,8,17,0,0,0,0,0,0,0,0,0,85,40,50,45,25,25,20,0x0,0x0,0x0,0x0,0x0,0x0,0x0,0x0,0x0,0x0,0x0,0x0,0x0,0x0
Mansel (Rausten),0x25d,0x2b6,0xc9,0x2b,0x54,0x0,7,0x0,1,0,0,0,0,0,0,0,0,0,0,0,0,0,0,0,0,85,40,50,45,25,25,20,0x0,0x0,0x0,0x0,0x0,0x0,0x0,0x0,0x0,0x0,0x0,0x0,0x0,0x0
Klimt (Carcino),0x25f,0x2b7,0xca,0x2f,0x55,0x0,5,0x0,1,0,0,0,0,0,0,0,0,0,0,0,0,0,0,0,0,85,40,50,45,25,25,20,0x0,0x0,0x0,0x0,0x0,0x0,0x0,0x0,0x0,0x0,0x0,0x0,0x0,0x0
Dara (Caer Pelyn),0x260,0x2b8,0xcb,0x74,0x56,0x0,3,0x0,4,14,10,9,11,4,12,12,0,181,0,0,0,0,0,0,0,75,30,60,55,20,25,30,0x0,0x0,0x0,0x0,0x0,0x0,0x40,0x0,0x0,0x0,0x0,0x0,0x0,0x0
Ismaire (Jehanna),0x261,0x2b9,0xcc,0x48,0x69,0x0,3,0x0,1,3,2,2,5,0,2,7,0,0,31,0,0,0,0,0,0,85,40,50,45,25,25,20,0x0,0x0,0x0,0x0,0x0,0x0,0x40,0x0,0x0,0x0,0x0,0x0,0x0,0x0
Pegasus Messenger,0x263,0x2bb,0xcd,0x9,0x0,0x2,0,0x0,1,0,0,0,0,0,0,0,0,0,0,0,0,0,0,0,0,85,40,50,45,25,25,20,0x0,0x0,0x0,0x0,0x0,0x0,0x0,0x0,0x0,0x0,0x0,0x0,0x0,0x0
Rausten Knight,0x263,0x2bb,0xce,0x9,0x0,0x2,0,0x0,1,0,0,0,0,0,0,0,0,0,0,0,0,0,0,0,0,85,40,50,45,25,25,20,0x0,0x0,0x0,0x0,0x0,0x0,0x0,0x0,0x0,0x0,0x0,0x0,0x0,0x0
Rausten Knight,0x267,0x0,0xcf,0x41,0x0,0x0,0,0x0,0,0,0,0,0,0,0,0,0,0,0,0,0,0,0,0,0,0,0,0,0,0,0,0,0x0,0x0,0x0,0x0,0x0,0x0,0x0,0x0,0x0,0x0,0x0,0x0,0x0,0x0
(Untested Beyond this point),0x267,0x0,0xd0,0x41,0x0,0x0,0,0x0,0,0,0,0,0,0,0,0,0,0,0,0,0,0,0,0,0,0,0,0,0,0,0,0,0x0,0x0,0x0,0x0,0x0,0x0,0x0,0x0,0x0,0x0,0x0,0x0,0x0,0x0
-,0x267,0x0,0xd1,0x41,0x0,0x0,0,0x0,0,0,0,0,0,0,0,0,0,0,0,0,0,0,0,0,0,0,0,0,0,0,0,0,0x0,0x0,0x0,0x0,0x0,0x0,0x0,0x0,0x0,0x0,0x0,0x0,0x0,0x0
-,0x267,0x0,0xd2,0x41,0x0,0x0,0,0x0,0,0,0,0,0,0,0,0,0,0,0,0,0,0,0,0,0,0,0,0,0,0,0,0,0x0,0x0,0x0,0x0,0x0,0x0,0x0,0x0,0x0,0x0,0x0,0x0,0x0,0x0
-,0x267,0x0,0xd3,0x41,0x0,0x0,0,0x0,0,0,0,0,0,0,0,0,0,0,0,0,0,0,0,0,0,0,0,0,0,0,0,0,0x0,0x0,0x0,0x0,0x0,0x0,0x0,0x0,0x0,0x0,0x0,0x0,0x0,0x0
-,0x267,0x0,0xd4,0x41,0x0,0x0,0,0x0,0,0,0,0,0,0,0,0,0,0,0,0,0,0,0,0,0,0,0,0,0,0,0,0,0x0,0x0,0x0,0x0,0x0,0x0,0x0,0x0,0x0,0x0,0x0,0x0,0x0,0x0
-,0x267,0x0,0xd5,0x41,0x0,0x0,0,0x0,0,0,0,0,0,0,0,0,0,0,0,0,0,0,0,0,0,0,0,0,0,0,0,0,0x0,0x0,0x0,0x0,0x0,0x0,0x0,0x0,0x0,0x0,0x0,0x0,0x0,0x0
-,0x267,0x0,0xd6,0x41,0x0,0x0,0,0x0,0,0,0,0,0,0,0,0,0,0,0,0,0,0,0,0,0,0,0,0,0,0,0,0,0x0,0x0,0x0,0x0,0x0,0x0,0x0,0x0,0x0,0x0,0x0,0x0,0x0,0x0
-,0x267,0x0,0xd7,0x41,0x0,0x0,0,0x0,0,0,0,0,0,0,0,0,0,0,0,0,0,0,0,0,0,0,0,0,0,0,0,0,0x0,0x0,0x0,0x0,0x0,0x0,0x0,0x0,0x0,0x0,0x0,0x0,0x0,0x0
-,0x267,0x0,0xd8,0x41,0x0,0x0,0,0x0,0,0,0,0,0,0,0,0,0,0,0,0,0,0,0,0,0,0,0,0,0,0,0,0,0x0,0x0,0x0,0x0,0x0,0x0,0x0,0x0,0x0,0x0,0x0,0x0,0x0,0x0
-,0x267,0x0,0xd9,0x41,0x0,0x0,0,0x0,0,0,0,0,0,0,0,0,0,0,0,0,0,0,0,0,0,0,0,0,0,0,0,0,0x0,0x0,0x0,0x0,0x0,0x0,0x0,0x0,0x0,0x0,0x0,0x0,0x0,0x0
-,0x267,0x0,0xda,0x41,0x0,0x0,0,0x0,0,0,0,0,0,0,0,0,0,0,0,0,0,0,0,0,0,0,0,0,0,0,0,0,0x0,0x0,0x0,0x0,0x0,0x0,0x0,0x0,0x0,0x0,0x0,0x0,0x0,0x0
-,0x267,0x0,0xdb,0x41,0x0,0x0,0,0x0,0,0,0,0,0,0,0,0,0,0,0,0,0,0,0,0,0,0,0,0,0,0,0,0,0x0,0x0,0x0,0x0,0x0,0x0,0x0,0x0,0x0,0x0,0x0,0x0,0x0,0x0
-,0x267,0x0,0xdc,0x41,0x0,0x0,0,0x0,0,0,0,0,0,0,0,0,0,0,0,0,0,0,0,0,0,0,0,0,0,0,0,0,0x0,0x0,0x0,0x0,0x0,0x0,0x0,0x0,0x0,0x0,0x0,0x0,0x0,0x0
-,0x267,0x0,0xdd,0x41,0x0,0x0,0,0x0,0,0,0,0,0,0,0,0,0,0,0,0,0,0,0,0,0,0,0,0,0,0,0,0,0x0,0x0,0x0,0x0,0x0,0x0,0x0,0x0,0x0,0x0,0x0,0x0,0x0,0x0
-,0x267,0x0,0xde,0x41,0x0,0x0,0,0x0,0,0,0,0,0,0,0,0,0,0,0,0,0,0,0,0,0,0,0,0,0,0,0,0,0x0,0x0,0x0,0x0,0x0,0x0,0x0,0x0,0x0,0x0,0x0,0x0,0x0,0x0
-,0x267,0x0,0xdf,0x41,0x0,0x0,0,0x0,0,0,0,0,0,0,0,0,0,0,0,0,0,0,0,0,0,0,0,0,0,0,0,0,0x0,0x0,0x0,0x0,0x0,0x0,0x0,0x0,0x0,0x0,0x0,0x0,0x0,0x0
-,0x267,0x0,0xe0,0x41,0x0,0x0,0,0x0,0,0,0,0,0,0,0,0,0,0,0,0,0,0,0,0,0,0,0,0,0,0,0,0,0x0,0x0,0x0,0x0,0x0,0x0,0x0,0x0,0x0,0x0,0x0,0x0,0x0,0x0
-,0x267,0x0,0xe1,0x41,0x0,0x0,0,0x0,0,0,0,0,0,0,0,0,0,0,0,0,0,0,0,0,0,0,0,0,0,0,0,0,0x0,0x0,0x0,0x0,0x0,0x0,0x0,0x0,0x0,0x0,0x0,0x0,0x0,0x0
-,0x267,0x0,0xe2,0x41,0x0,0x0,0,0x0,0,0,0,0,0,0,0,0,0,0,0,0,0,0,0,0,0,0,0,0,0,0,0,0,0x0,0x0,0x0,0x0,0x0,0x0,0x0,0x0,0x0,0x0,0x0,0x0,0x0,0x0
-,0x267,0x0,0xe3,0x41,0x0,0x0,0,0x0,0,0,0,0,0,0,0,0,0,0,0,0,0,0,0,0,0,0,0,0,0,0,0,0,0x0,0x0,0x0,0x0,0x0,0x0,0x0,0x0,0x0,0x0,0x0,0x0,0x0,0x0
-,0x267,0x0,0xe4,0x41,0x0,0x0,0,0x0,0,0,0,0,0,0,0,0,0,0,0,0,0,0,0,0,0,0,0,0,0,0,0,0,0x0,0x0,0x0,0x0,0x0,0x0,0x0,0x0,0x0,0x0,0x0,0x0,0x0,0x0
-,0x267,0x0,0xe5,0x41,0x0,0x0,0,0x0,0,0,0,0,0,0,0,0,0,0,0,0,0,0,0,0,0,0,0,0,0,0,0,0,0x0,0x0,0x0,0x0,0x0,0x0,0x0,0x0,0x0,0x0,0x0,0x0,0x0,0x0
-,0x267,0x0,0xe6,0x41,0x0,0x0,0,0x0,0,0,0,0,0,0,0,0,0,0,0,0,0,0,0,0,0,0,0,0,0,0,0,0,0x0,0x0,0x0,0x0,0x0,0x0,0x0,0x0,0x0,0x0,0x0,0x0,0x0,0x0
-,0x267,0x0,0xe7,0x41,0x0,0x0,0,0x0,0,0,0,0,0,0,0,0,0,0,0,0,0,0,0,0,0,0,0,0,0,0,0,0,0x0,0x0,0x0,0x0,0x0,0x0,0x0,0x0,0x0,0x0,0x0,0x0,0x0,0x0
-,0x267,0x0,0xe8,0x41,0x0,0x0,0,0x0,0,0,0,0,0,0,0,0,0,0,0,0,0,0,0,0,0,0,0,0,0,0,0,0,0x0,0x0,0x0,0x0,0x0,0x0,0x0,0x0,0x0,0x0,0x0,0x0,0x0,0x0
-,0x267,0x0,0xe9,0x41,0x0,0x0,0,0x0,0,0,0,0,0,0,0,0,0,0,0,0,0,0,0,0,0,0,0,0,0,0,0,0,0x0,0x0,0x0,0x0,0x0,0x0,0x0,0x0,0x0,0x0,0x0,0x0,0x0,0x0
-,0x267,0x0,0xea,0x41,0x0,0x0,0,0x0,0,0,0,0,0,0,0,0,0,0,0,0,0,0,0,0,0,0,0,0,0,0,0,0,0x0,0x0,0x0,0x0,0x0,0x0,0x0,0x0,0x0,0x0,0x0,0x0,0x0,0x0
-,0x267,0x0,0xeb,0x41,0x0,0x0,0,0x0,0,0,0,0,0,0,0,0,0,0,0,0,0,0,0,0,0,0,0,0,0,0,0,0,0x0,0x0,0x0,0x0,0x0,0x0,0x0,0x0,0x0,0x0,0x0,0x0,0x0,0x0
-,0x267,0x0,0xec,0x41,0x0,0x0,0,0x0,0,0,0,0,0,0,0,0,0,0,0,0,0,0,0,0,0,0,0,0,0,0,0,0,0x0,0x0,0x0,0x0,0x0,0x0,0x0,0x0,0x0,0x0,0x0,0x0,0x0,0x0
-,0x267,0x0,0xed,0x41,0x0,0x0,0,0x0,0,0,0,0,0,0,0,0,0,0,0,0,0,0,0,0,0,0,0,0,0,0,0,0,0x0,0x0,0x0,0x0,0x0,0x0,0x0,0x0,0x0,0x0,0x0,0x0,0x0,0x0
-,0x267,0x0,0xee,0x41,0x0,0x0,0,0x0,0,0,0,0,0,0,0,0,0,0,0,0,0,0,0,0,0,0,0,0,0,0,0,0,0x0,0x0,0x0,0x0,0x0,0x0,0x0,0x0,0x0,0x0,0x0,0x0,0x0,0x0
-,0x267,0x0,0xef,0x41,0x0,0x0,0,0x0,0,0,0,0,0,0,0,0,0,0,0,0,0,0,0,0,0,0,0,0,0,0,0,0,0x0,0x0,0x0,0x0,0x0,0x0,0x0,0x0,0x0,0x0,0x0,0x0,0x0,0x0
-,0x267,0x0,0xf0,0x41,0x0,0x0,0,0x0,0,0,0,0,0,0,0,0,0,0,0,0,0,0,0,0,0,0,0,0,0,0,0,0,0x0,0x0,0x0,0x0,0x0,0x0,0x0,0x0,0x0,0x0,0x0,0x0,0x0,0x0
-,0x267,0x0,0xf1,0x41,0x0,0x0,0,0x0,0,0,0,0,0,0,0,0,0,0,0,0,0,0,0,0,0,0,0,0,0,0,0,0,0x0,0x0,0x0,0x0,0x0,0x0,0x0,0x0,0x0,0x0,0x0,0x0,0x0,0x0
-,0x267,0x0,0xf2,0x41,0x0,0x0,0,0x0,0,0,0,0,0,0,0,0,0,0,0,0,0,0,0,0,0,0,0,0,0,0,0,0,0x0,0x0,0x0,0x0,0x0,0x0,0x0,0x0,0x0,0x0,0x0,0x0,0x0,0x0
-,0x267,0x0,0xf3,0x41,0x0,0x0,0,0x0,0,0,0,0,0,0,0,0,0,0,0,0,0,0,0,0,0,0,0,0,0,0,0,0,0x0,0x0,0x0,0x0,0x0,0x0,0x0,0x0,0x0,0x0,0x0,0x0,0x0,0x0
-,0x266,0x2bd,0xf4,0x6d,0x0,0x5,0,0x0,1,0,0,0,0,2,0,0,0,0,0,0,0,0,0,0,0,85,25,60,10,15,15,25,0x0,0x0,0x0,0x0,0x0,0x0,0x0,0x0,0x0,0x0,0x0,0x0,0x0,0x0
-,0x266,0x2bd,0xf5,0x6e,0x0,0x5,0,0x0,1,0,0,0,0,2,0,0,0,0,0,0,0,0,0,0,0,85,25,60,10,15,15,25,0x0,0x0,0x0,0x0,0x0,0x0,0x40,0x0,0x0,0x0,0x0,0x0,0x0,0x0
-,0x266,0x2bd,0xf6,0x6f,0x0,0x5,0,0x0,1,0,0,0,0,2,0,0,0,0,0,0,0,0,0,0,0,85,25,60,10,15,15,25,0x0,0x0,0x0,0x0,0x0,0x0,0x0,0x0,0x0,0x0,0x0,0x0,0x0,0x0
-,0x266,0x2bd,0xf7,0x70,0x0,0x5,0,0x0,1,0,0,0,0,2,0,0,0,0,0,0,0,0,0,0,0,85,25,60,10,15,15,25,0x0,0x0,0x0,0x0,0x0,0x0,0x40,0x0,0x0,0x0,0x0,0x0,0x0,0x0
-,0x266,0x2bd,0xf8,0x6d,0x0,0x5,0,0x0,1,0,0,0,0,2,0,0,0,0,0,0,0,0,0,0,0,85,25,60,10,15,15,25,0x0,0x0,0x0,0x0,0x0,0x0,0x0,0x0,0x0,0x0,0x0,0x0,0x0,0x0
-,0x265,0x2bc,0xf9,0x6e,0x0,0x5,0,0x0,1,0,0,0,0,2,0,0,0,0,0,0,0,0,0,0,0,85,25,60,10,15,15,25,0x0,0x0,0x0,0x0,0x0,0x0,0x40,0x0,0x0,0x0,0x0,0x0,0x0,0x0
-,0x265,0x2bc,0xfa,0x71,0x0,0x5,0,0x0,1,0,0,0,0,2,0,0,0,0,0,0,0,0,0,0,0,85,25,60,10,15,15,25,0x0,0x0,0x0,0x0,0x0,0x0,0x0,0x0,0x0,0x0,0x0,0x0,0x0,0x0
-,0x265,0x2bc,0xfb,0x72,0x0,0x5,0,0x0,1,0,0,0,0,2,0,0,0,0,0,0,0,0,0,0,0,85,25,60,10,15,15,25,0x0,0x0,0x0,0x0,0x0,0x0,0x40,0x0,0x0,0x0,0x0,0x0,0x0,0x0
-,0x264,0x0,0xfc,0x71,0x0,0x5,0,0x0,1,0,0,0,0,2,0,0,0,0,0,0,0,0,0,0,0,85,25,60,10,15,15,25,0x0,0x0,0x0,0x0,0x0,0x0,0x0,0x0,0x0,0x0,0x3,0x0,0x0,0x0
-,0x267,0x0,0xfd,0x41,0x0,0x0,0,0x0,0,0,0,0,0,0,0,0,0,0,0,0,0,0,0,0,0,0,0,0,0,0,0,0,0x0,0x0,0x0,0x0,0x0,0x0,0x0,0x0,0x0,0x0,0x0,0x0,0x0,0x0
-,0x268,0x0,0xfe,0x41,0x0,0x0,0,0x0,0,0,0,0,0,0,0,0,0,0,0,0,0,0,0,0,0,0,0,0,0,0,0,0,0x0,0x0,0x0,0x0,0x0,0x0,0x0,0x0,0x0,0x0,0x0,0x0,0x0,0x0
-,0x269,0x0,0xff,0x41,0x0,0x0,0,0x0,0,0,0,0,0,0,0,0,0,0,0,0,0,0,0,0,0,0,0,0,0,0,0,0,0x0,0x0,0x0,0x0,0x0,0x0,0x0,0x0,0x0,0x0,0x0,0x0,0x0,0x0
